编号,,说明,详情,宝可梦,图片URL
1,绿色的草丛,4块紧挨的绿色草组成的草丛。正适合小型宝可梦藏身。,绿色草 × 4,妙蛙种子、小火龙、喷火龙、杰尼龟、走路草、小拳石,https://img.game8.co/4423971/dee0b00910ddee74eb7f5f9f510f4cd6.png/show
2,树荫的草丛,树荫下的草丛，白天也很凉爽。宝可梦说不定会过来休息片刻。,"大树（任意） × 1
绿色草 × 4",喇叭芽、飞天螳螂、巨钳螳螂、凯罗斯、赫拉克罗斯、贪心栗鼠,https://img.game8.co/4423956/e63a2a1800ceb7c833c468c11131104e.png/show
3,岩影的草丛,巨大岩石阴影里的草丛。非常适合捉迷藏。,"绿色草 × 4
大石头 × 1",搬运小匠、铁骨土人、腕力,https://img.game8.co/4423970/3424780ef75b20a293a96327eb98730e.png/show
4,湿润的草丛,生长在水边的小草丛。总是水灵灵的，生机勃勃。,"绿色草 × 4
水 × 2",杰尼龟、卡咪龟、水箭龟、黏美儿、古月鸟,https://img.game8.co/4431647/8482ea23489e50475a687ad424bbd1eb.png/show
5,海浪边的草丛,在含有盐分的水边也能预强生长的草丛。能缓解海边的炎热。,"绿色草 × 4
海水 × 2",呆呆兽、呆壳兽、呆呆王,https://img.game8.co/4431648/1fd6876bd66068d0b0dd614477027150.png/show
6,高岗的草丛,生长在高处，环境十分凉爽。一阵阵风直吹进草丛深处。,"绿色草 × 4
高处 × 1",波波、比比鸟、咕咕、猫头夜鹰,https://img.game8.co/4433193/da9a7e810387fd50c14d1e755a5405ff.png/show
7,光照的草丛,微光照射下的草丛。柔和的光线会引来宝可梦。,"草（任意） × 4
照明（任意） × 1",毛球、摩鲁蛾,https://img.game8.co/4431649/f95f3157d3df68f05acdad6d7d84e491.png/show
8,美丽的花田,缘草地的花组成的美丽花田。弥漫着一股淡淡的甜香。,草地的花 × 4,波波、比比鸟、咕咕、三蜜蜂、鸭嘴宝宝、伊布,https://img.game8.co/4423958/ff1d96f0883af3346cfd7389c065c241.png/show
9,树荫的花田,在树荫下依然美丽绽放的花朵。湿润的芬芳会引来宝可梦。,"树果树（任意） × 1
草地的花 × 4",梦歌仙人掌、黏黏宝、锹农炮虫,https://img.game8.co/4431652/ff356a08c435f6dc19e71db341ad662f.png/show
10,湿润的花田,水边盛开的花田。清澈的水流和花香似乎会引来宝可梦。,"草地的花 × 4
水 × 2",电萤虫、甜甜萤,https://img.game8.co/4431653/86a344012795aee579f55f42a8093c77.png/show
11,整片的花海,广阔的花田。馥郁的芬芳弥漫四周。,草地的花 × 8,妙蛙草、妙蛙花、蜂女王,https://img.game8.co/4431654/c000cd9770fba5c7edda44d93d351d9d.png/show
12,高岗的花田,在高处盛开的繁花。甜美的花香随风飘散。,"草地的花 × 4
高处 × 1",派拉斯、派拉斯特,https://img.game8.co/4433138/1e93316ffc65a195502dd5e3e8d2677f.png/show
13,花朵围绕的墓地,柔和而华美的氛围，睡在墓中的宝可梦也会开心吧。,"草地的花 × 4
墓碑 × 1",卡拉卡拉、嘎啦嘎啦,https://img.game8.co/4433188/aa5f2a01563b4d03f03342f4bab7ded6.png/show
14,庭园,为繁花盛开的花日加上花篱，一下就成了一个小庭园。,"花篱（任意） × 4
草地的花 × 4",派拉斯、派拉斯特,https://img.game8.co/4433125/cf211339489f21158d0661336ded3d35.png/show
15,新鲜蔬菜田,广阔的田里种植着蔬菜。喜欢农活的宝可梦可能会前来。,菜田（任意） × 8,螺钉地鼠、龙头地鼠、木木枭,https://img.game8.co/4423954/5599935e337e36c684615fc890af74d0.png/show
16,乘着暖风,3个火维加热后的空气悠然飘向高空。,火堆 × 3,飘飘球,https://img.game8.co/4431657/ef715a5359e7b53f0390fb306ae2e9f3.png/show
17,露营组合,融入自然的露营组合。宝可梦们也会在火堆前取暖。,"火堆 × 1
干草桌子 × 1
干草凳子 × 1",火恐龙,https://img.game8.co/4431660/3a3de83c4fb66b8fba0f4b16f8365a7c.png/show
18,修行瀑布,瀑布的冲打会让身心振奋。喜欧锻炼的宝可梦可能会来。,"椅子（任意） × 1
水 × 2
瀑布 × 1",无畏小子,https://img.game8.co/4433229/3094ae25af2ab5742c6b9a42f27ac03f.png/show
19,饿肚肚用餐处,椅子和桌子，再摆上一个盘子。肚子饿的宝可梦说不定会过来。,"椅子（任意） × 1
桌子（任意） × 1
装盘的食物 × 1",溶食兽,https://img.game8.co/4431684/6c10faa301953ccd4cfb878fd1c6c162.png/show
20,野餐氛围桌,在桌上放个野餐篮，感觉就像在野餐样。,"椅子（任意） × 2
桌子（任意） × 1
野餐篮 × 1",皮丘、皮卡丘,https://img.game8.co/4434462/e444551ffc52be412b9b264bf461bc2c.png/show
21,华丽的桌子,桌上摆着花瓶。宝可梦或许也会坐在椅子上赏花。,"椅子（任意） × 1
桌子（任意） × 1
单枝花瓶 × 1",口呆花、大食花,https://img.game8.co/4431685/f1019185953c86d82c2b1326c5ac4ea4.png/show
22,绿色的长椅,花篱旁的长椅。宝可梦也能感受着自然稍作歇息。,"花篱（任意） × 2
椅子（长） × 1",妙蛙种子、妙蛙草、巨蔓藤,https://img.game8.co/4432135/e913eec1acaf7b46beb3df19bf7dcf8f.png/show
23,光照的长椅,柔和灯光下的椅子。宝可梦说不定会被光亮吸引过来。,"椅子（长） × 1
路灯（任意） × 1",毛球、摩鲁蛾,https://img.game8.co/4431686/4b2d71ebf675d591c35459000195c35f.png/show
24,健身区休息处,在激烈的训练后，宝可梦们也会坐在椅子上休息。,"沙袋 × 1
椅子（任意） × 1",快拳郎,https://img.game8.co/4423959/bb0e7801e0457586c7128e33f894bd23.png/show
25,紧急救护站,受伤时要立即进行应急处理。擅长疗愈的宝可梦说不定会来帮忙。,"椅子（任意） × 1
桌子（任意） × 1
急救箱 × 1",飞腿郎,https://img.game8.co/4431689/5a6ec3f73c81665f9bfd6eebf47b6bf9.png/show
26,健身区救护处,如果运动时受伤了，宝可梦们也会用急救箱进行应急处理。,"桌子（任意） × 1
沙装 × 1
急救箱 × 1",战舞郎,https://img.game8.co/4433239/34721793036585ee0ea0f7de49e8dbf5.png/show
27,指路牌,孤零零地立在路中央的牌子。宝可梦或许会朝着箭头方向前进。,"箭头指示牌 × 1
木板路 × 3",无壳海兔西海、无壳海兔东海,https://img.game8.co/4431693/c2db1a085cfcd1719a93e6f986642f8d.png/show
28,装上大货物,宽宽的大容量货车，可以装下2个大木箱。,"平板货车 × 1
木箱 × 2",铁骨土人、小锻匠、巧锻匠,https://img.game8.co/4431694/763789b806bd1603da503d27aa46be1f.png/show
29,樵夫工作区,把用货车运来的圆木放在木桩上，劈成柴火。累了的话，就坐在椅子上休息一下吧。,"圆木椅子 × 1
平板货车 × 1
树桩（任意） × 1
圆大桌 × 1",牙牙、斧牙龙、双斧战龙,
30,布偶伴好眠,援着可爱布偶的床铺。小型宝可梦应该能安心入睡。,"床铺（任意） × 1
玩偶（任意） × 1",呆壳兽、呆呆王、飘飘球、小卡比兽,https://img.game8.co/4433866/d29c2f6023d912be3fceb17b113df8ff.png/show
31,柔光伴好眠,笼罩着柔和灯光的床铺。宝可梦们应该能放松地入睡。,"床铺（任意） × 1
桌子（任意） × 1
细长蜡烛 × 1",咕咕、猫头夜鹰,https://img.game8.co/4431696/1f13c5df49caa5fbf494af5ce730e0ee.png/show
32,墓前的供品,幽静的墓前摆着蜡烛和盘子有一点点惊悚的氛围。,"墓碑 × 1
细长蜡烛 × 2
装盘的食物 × 1",烛光灵、灯火幽灵,https://img.game8.co/4434611/0ee88dd1fa21b6b407008db4400e63f6.png/show
33,诡异的墓前的供品,给墓地的蜡烛点上火，蓝色的火焰轻轻摇曳，诡异气氛加倍。,"诡异的蜡烛 × 2
墓碑 × 1
装盘的食物 × 1",烛光灵、灯火幽灵、水晶灯火灵,https://img.game8.co/4434612/b753742c5a7261462d31c952b44f2e6c.png/show
34,吉利蛋休息处,在吉利蛋的看护下休息片刻。是个可以放松身心的疗愈空间。,"花篱（任意） × 6
吉利蛋植栽 × 1
椅子（长） × 1",霸王花、美丽花,https://img.game8.co/4434613/5a171c520b985dff97eda806b2629fab.png/show
35,灯光与香气的诱惑,或许会有宝可梦被磨菇的光亮和花瓶的香味吸引来。,"大食花瓶 × 1
装盘的食物 × 1
蘑菇台灯 × 1",口呆花、大食花,https://img.game8.co/4434614/785522e8c2f65962867eb8f8bf5284e3.png/show
36,在阴凉处漂浮玩水,如果在充气船上玩累了，就剧遮阳企下休息一下吧。,"充气船 × 1
沙滩遮阳伞 × 1
水 × 2",水箭龟,https://img.game8.co/4431779/ba42326837d35b88d5294cef4c16beee.png/show
37,干干的草丛,因为干千的神奇岩石的力量而失去生机的草丛。,"枯萎的绿色草 × 4
沙沙岩石 × 1",大岩蛇,https://img.game8.co/4431781/488564dfdf6500957ab14893bbb641bb.png/show
38,工厂的储藏室,试着给巨大的机器接好电线，但操作后也没有反应……。,"路灯（任意） × 1
控制盘 × 1
金属桶 × 1
乱缠电线 × 1",小磁怪,https://img.game8.co/4433868/24c3edec3fddc9c0e606de1be28fbc42.png/show
39,叽叽咕咕奢华大餐,鸟宝可梦似乎会吃着各种树果，在巢箱里休想。,"木巢箱 × 1
树果野餐篮 × 1",大比鸟,https://img.game8.co/4434615/f0ea3ae24c1f104bf51c42a32285c6a6.png/show
40,树果露营大餐,在晴空下生起营火。准者各种美食，尽情享受吧。,"晴雨飘浮泡泡（晴） × 2
营火 × 1
树果野餐篮 × 1
高处 × 1",喷火龙,https://img.game8.co/4431782/7823e8585d21319d32910b7f71bd9b82.png/show
41,求雨地点,摆放食物的盘子和能联想到雨的物品，这里一应俱全。,"晴雨飘浮泡泡（雨） × 2
装盘的食物 × 1",黏黏宝,https://img.game8.co/4431786/e1a230b23cd3bdf2e861700ef31d603f.png/show
42,大晴天地点,摆放食物的盘子和能联想到晴天的物品，这里一应俱全。,"晴雨飘浮泡泡（晴） × 2
装盘的食物 × 1",刺球仙人掌,https://img.game8.co/4433151/53adce3612f7786680ca00e994b9dc96.png/show
43,博士的宝物,看上去像一堆废品，但对博士来说都值得研究。,"博士的宝物 × 1
遗失物（大） × 4
床铺（任意） × 1",巨蔓藤博士,
44,有温度感的圆木,木材打造的家具琳琅满目。仿佛置身于山间小屋。,"圆木椅子 × 1
圆木床铺 × 1
圆木桌 × 1",牙牙、斧牙龙、双斧战龙,https://img.game8.co/4435014/2010d5281dd024ff7a084a86600befda.png/show
45,树果大集合,桌子和床铺都是树果图案。感觉一直盯着看肚子会饿。,"树果造型椅 × 1
树果造型床 × 1
树果造型桌 × 1
树果桌灯 × 1",黏美龙,https://img.game8.co/4437263/8b075cebbcd5cef4eed7bda2bf8ecc3a.png/show
46,庭园露台,欣赏着柔和光线下的花，坐在庭园椅子上休息片刻吧。,"草地的花 × 4
庭园椅子 × 1
庭园灯 × 1
庭园桌子 × 1",妙蛙花,https://img.game8.co/4431792/4f2528188a8e52afdcf9b6df1aa001d3.png/show
47,树荫下熟睡的卡比兽,其他宝可梦可能会误以为有只睡觉的卡比兽而靠近过来。,"大树（任意） × 1
瞌睡床铺 × 1",小卡比兽、卡比兽,https://img.game8.co/4435858/56ab510cbc91f1df4cd44637c8180153.png/show
48,古色古香,被古董家具环绕，享受复古的气息吧。,"古董衣柜 × 1
古董床铺 × 1
古董梳妆台 × 1
古董椅子 × 1",双弹瓦斯、卡比兽,https://img.game8.co/4437264/b69e8a20ce54d4cef8527ee020a7b7ef.png/show
49,满是精灵球,本以为全是精灵球，却意外成为了舒适的生活空间。,"精灵球沙发 × 1
精灵球造型床 × 1
精灵球桌子 × 1
精灵球灯 × 1",蔓藤怪,
50,黄色的草丛,由黄色草组成的小草丛。在港口城镇很常见。,黄色草 × 4,圆丝蛛、阿利多斯、强颚鸡母虫,https://img.game8.co/4431794/d6dc372cbd4d3a4ec0abf223365b8f38.png/show
51,树荫的黄色草丛,生长在树荫下的黄色草丛。可以尽情体会伤感的氛围。,"大树（任意） × 1
黄色草 × 4",超音蝠、大嘴蝠、幕下力士、铁掌力士,https://img.game8.co/4431796/5c0ef2aab8827f891f322a921051b49e.png/show
52,高岗的黄色草丛,生长在高处的黄色草丛。在海风的吹拂下轻轻摇曳。,"黄色草 × 4
高处 × 1",叉字蝠、长翅鸥、大嘴鸥,https://img.game8.co/4431799/4b4644ef8663141c463c915d0e9858ae.png/show
53,湿润的黄色草丛,生长在水边的黄色草丛。从水里上岸的宝可梦会在这里休息片刻。,"黄色草 × 4
水 × 2",露力丽、玛力露、波加曼、波皇子,https://img.game8.co/4431803/368ef54f0960b7e1ee03fef21d6c73f0.png/show
54,沼泽的草丛,生长在沼泽中的小草丛。也有宝可梦用它擦去身上的泥巴。,"黄色草 × 4
泥水 × 2",乌波帕底亚的样子、土王,https://img.game8.co/4434669/aabe32a290c749e17a3ca89585d16626.png/show
55,草丛的自动售货机,在黄色的草丛中矗立的自动售货机。就算在野外，补水也完全没问题。,"黄色草 × 4
自动售货机 × 1",咩利羊,https://img.game8.co/4434469/5032328ac9753c9671b754e1a7924d2e.png/show
56,凉爽的花田,谷海边的花组成的清爽花田。沁人心脾的芬芳会引来宝可梦。,海边的花 × 4,索罗亚、索罗亚克、布拨,https://img.game8.co/4431810/ed0cf6641105364def317046ff94f476.png/show
57,南国氛围,椰子树下盛开着·台海边的花。四周弥漫着热带风情十足的芬芳。,"大椰子树 × 1
海边的花 × 4",臭臭花、蛋蛋、椰蛋树,https://img.game8.co/4431812/bb6b35885d2d75b28b279d0e3b84d286.png/show
58,风之花田,清风拂过，花田充满凉爽的气息。风车将花香送往远方。,"风力发电机 × 1
海边的花 × 4",长翅鸥、大嘴鸥,https://img.game8.co/4431813/5aa210e95cc2aeb50940e1ff3d4086e8.png/show
59,沙滩的树荫,椰子树代替遮阳伞，宝可梦也会在沙滩椅上小憩。,"大椰子树 × 1
沙滩椅 × 1",蛋蛋、椰蛋树,https://img.game8.co/4431815/edf58194cd48b5b9ccb6baba8ce878fd.png/show
60,热带海滨,在椰子树旁吹着海风悠闲度过，仿佛在享受热带风情。,"大椰子树 × 1
花篱（任意） × 4
海水 × 2",拉普拉斯,https://img.game8.co/4432152/623c9c783abcefc743c8ac30eb0f68e5.png/show
61,休息处,空纸箱和松软的稻草床，选择睡哪边似乎会根据喜好分成两派。,"纸箱 × 1
干草床 × 1",喵喵,https://img.game8.co/4431817/f11101e4b7027bae4085d48f6bef0f93.png/show
62,来收拾吧,散落一地的玩具和纸箱。才刚收拾好，就又乱了。,"纸箱 × 1
玩具（任意） × 2",卡蒂狗、露力丽,https://img.game8.co/4431818/0c392d04089db76ce010d64bcc7dba12.png/show
63,垃圾集中站,大家的垃圾全都集中在这里。可能会有宝可梦跑来翻找垃圾。,"垃圾桶（任意） × 1
牌子（任意） × 1
垃圾袋 × 1",瓦斯弹、双弹瓦斯、破破袋、灰尘山,https://img.game8.co/4431820/91d0562483039bd4ba404de1a3da00e5.png/show
64,好多垃圾桶,为防止乱去垃圾而摆放了很多垃圾桶。偶你也会有宝可梦待在里面。,垃圾桶 × 4,三合一磁怪、自爆磁怪、电击兽,https://img.game8.co/4431824/2e2827f2afd97fd193bba98fe9de3335.png/show
65,垃圾场,扬在电线杆下的垃圾：周国稍稍有些臭。,"电线杆 × 1
垃圾袋 × 1",叉字蝠,https://img.game8.co/4431826/c02abbddac4320415d546c4b668448a7.png/show
66,公园的长椅,吃完零食后，要把垃圾扔进垃圾桶。宝可梦们做得到吗？。,"椅子（长） × 1
垃圾桶 × 1",超音蝠、霹雳电球、顽皮雷弹,https://img.game8.co/4431832/d70e16be1b64715284c0d3f5d9281b44.png/show
67,饿肚肚餐厅,桌上摆着餐盘：连菜单都有，简直像餐厅一样、。,"椅子（任意） × 1
菜单立牌 × 1
桌子（任意） × 1
装盘的食物 × 1",布拨、布土拨,https://img.game8.co/4431835/2e8521e6efdb4718e89b4202c322d089.png/show
68,料理送来了,用推车慢慢送来料理。援上桌后，就可以开始用餐了。,"雅致椅子 × 2
雅致桌子 × 1
单枝花瓶 × 1
推车 × 1
装盘的食物 × 1",帝王拿波,https://img.game8.co/4437266/bb06aad96616a200f8c18a57b428dbd1.png/show
69,叽叽咕咕大餐,鸟宝可梦会满怀期待地飞来享用盘子上的食物。,"木巢箱 × 1
桌子（任意） × 1
装盘的食物 × 1",火稚鸡、火焰鸡,https://img.game8.co/4431838/551af908a8bb2f8680a70d0ee7f5f1e0.png/show
70,茶水休息区,一边欣赏植物，一边享受下午茶。宝可梦们应该也能在这里放松身心。,"椅子（任意） × 2
植栽（任意） × 1
柜台面 × 2
马克杯 × 1
菜单立牌 × 1",布土拨、巴布土拨,https://img.game8.co/4434473/3c0be629cbb83e39e2db3c0029ec26f5.png/show
71,沙滩套组,躺在遮阳企下，尽享南国风情。宝可梦们说不定也会躺在这里休息。,"沙滩椅 × 1
沙滩遮阳伞 × 1
边桌 × 1",米立龙上弓姿势、米立龙下垂姿势、米立龙平挺姿势,https://img.game8.co/4434670/0c2829cca63036b533f5a50971e0842b.png/show
72,聚光舞台,炫日灯光照耀下的舞台：喜欧出风头的宝可梦应该会现身。,"聚光灯 × 2
舞台 × 1",电击兽、电击魔兽,https://img.game8.co/4431839/77c0f08eb159f197bbbc0d984c660502.png/show
73,小心机关,被气球包围的新潮盒子里面装了什公？打开有惊喜。,"气球 × 2
惊吓箱 × 1",鬼斯通、耿鬼、索罗亚克,https://img.game8.co/4437267/bcb8a7d05c7eb35b2703949cccb38000.png/show
74,夜晚的庆典会场,即便到了夜晚，庆典的入口依然被缤纷的霓虹灯照得闪闪发光。,"气球 × 2
雷丘招牌 × 1",茸茸羊,https://img.game8.co/4434671/4b61ccf7485e9c9494816d1f6f2c806a.png/show
75,更衣区,换好衣服后，到镜子前检查全身。在这里变成理想中的模样。,"衣柜（任意） × 1
镜子（大） × 1",泡沫栗鼠,https://img.game8.co/4431840/e37f4fb786775d782a6f8485d3bcfc8b.png/show
76,打扮时不许偷看,立起屏风遮住视线，好在打扮的时候不被看到。,"屏风（任意） × 2
衣柜（任意） × 1
梳妆台（任意） × 1",泡沫栗鼠、奇诺栗鼠,https://img.game8.co/4437268/18f4c19c36e6810705066ad299801d8b.png/show
77,织毛线,用柔软的毛线做的手工艺品，宝可梦们也非常感兴趣。,"椅子（任意） × 1
桌子（任意） × 1
编织套组 × 1",咩利羊、茸茸羊,https://img.game8.co/4431842/36f509a39db5a44c19c55caeefcdd2ed.png/show
78,温泉冲洗区,先在冲洗区洗干净身体后再去泡温泉吧。说不定宝可梦们也正在泡哦。,"花洒 × 1
椅子（任意） × 1
温泉 × 2",可达鸭、哥达鸭,https://img.game8.co/4433885/ea9e531fbdf1507c0cc641b91694a104.png/show
79,在度假区准备做饭,在椰子树下目着火堆，悠战地开始准备做饭吧。,"大椰子树 × 1
椅子（任意） × 1
装盘的食物 × 1
火堆 × 1",卡蒂狗、力壮鸡,https://img.game8.co/4431843/02cd52dad6f8f6afb6f1fdd23aef1764.png/show
80,打包好了,在空纸箱里装满各种物品，然后把纸箱堆上货车吧。,"平板货车 × 1
纸箱 × 2",大葱鸭、幕下力士、铁掌力士,https://img.game8.co/4431844/43d5a08849c18f1116e1f5d956be1f06.png/show
81,睡一觉来康复,治病最好的方法就是睡觉。说不定会有喜爱照顾的宝可梦前来。,"床铺（任意） × 1
自然风储物柜 × 1
急救箱 × 1",皮卡丘浅色、吉利蛋,https://img.game8.co/4434672/1bd9cc03e50d935c7a166962ef668abf.png/show
82,闹钟床位,只要在床边放上闹钟，就不用担心起不来了。,"床铺（任意） × 1
桌子（任意） × 1
闹钟 × 1",小福蛋,https://img.game8.co/4432159/c8beaa5d15af402eea2d323e05912bea.png/show
83,在自动售货机旁小憩,自动售货机旁边放着长椅。宝可梦们说不定也会来稍作休息。,"自动售货机 × 1
椅子（长） × 1",强颚鸡母虫、虫电宝,https://img.game8.co/4434675/9479d7796685de8b0f45289125efb417.png/show
84,自动售货机套组,自动售货机旁边的垃圾桶。里面似乎没有空罐子。,"垃圾桶（任意） × 1
自动售货机 × 1",电击怪、电击魔兽,https://img.game8.co/4431846/4732164388e7b7e22065016145c77957.png/show
85,迷你游戏城,玩过街机之后，就用拳击机活动身体吧。,"街机 × 1
椅子（任意） × 1
拳击机 × 1",三合一磁怪、自爆磁怪,https://img.game8.co/4434677/f3f856d7ecefaa91f2e14d039acd015b.png/show
86,水力发电厂,很万害的设施。能用瀑布倾泻而下的水流产生电力。,"水力发电机 × 1
水 × 2
瀑布 × 1",波皇子、帝王拿波,https://img.game8.co/4431848/42c1262a4c69df23deb6f62bae888c22.png/show
87,火力发电厂,很万害的设施。加入燃料就能靠火的力量发电。,"金属桶 × 1
火力发电机 × 1",力壮鸡、火焰鸡,https://img.game8.co/4434678/f969cba9615cf4bfc6ba8efc3e41c314.png/show
88,码头,海边的小小码头。正在游泳的宝可梦说不定也会顺道过来。,"栈桥 × 4
路灯（任意） × 1
海水 × 2",玛力露、玛力露丽,https://img.game8.co/4431852/a2e423bed0e90005e140ecd87063afb7.png/show
89,诡异的书房,点上蜡烛来读书吧到了夜晚，气氛会变得有些诡异。,"书架 × 1
雅致沙发 × 1
自然桌子 × 1
细长蜡烛 × 1",鬼斯、鬼斯通,https://img.game8.co/4431857/15cae8493d460e77745646037ea57c8a.png/show
90,水手过家家,站在舵前或大炮后，感觉就像成为了船员。,"木桶 × 2
船舵 × 1
发射筒 × 2",霹雳电球、顽皮雷弹,https://img.game8.co/4431858/bbd4dc1937094ae1e173b2dd3ac879e9.png/show
91,在柜台结账,在桌上放个收银机，通上电，转眼间店铺就开张了。,"桌子（任意） × 2
收银机 × 1",喵喵、小福蛋、差不多娃娃、大嘴娃,https://img.game8.co/4432163/80e07dc9a4d681a668507f8c14b5a7f0.png/show
92,小小画室,坐在椅子上凝视画布，感觉会涌出灵感。,"画布 × 1
椅子（任意） × 1",图图犬彩绘匠,https://img.game8.co/4437269/3bd4da05f2ddaecfbb48bea896146a9b.png/show
93,美味的供品,如果把食物放在盘子里，食量大的宝可梦应该会很高兴。,供品台 × 1,卡比兽萌苔,
94,皮卡丘空间,沙发和玩偶都是皮卡丘的模样。说不定会有宝可梦以为是真的而前来。,"皮卡丘沙发 × 1
皮卡丘玩偶 × 1",谜拟丘,https://img.game8.co/4433899/a95aa60e55ac4ff85b46e20e0fbd4cce.png/show
95,超可爱空间,被可爱的东西包围，感觉自己仿佛就是公主。,"可爱的沙发 × 1
可爱的桌子 × 1
可爱的灯 × 1
可爱的床 × 1
可爱的梳妆台 × 1",幸福蛋,https://img.game8.co/4437270/490bdf484ff58e2b9efaff3755a5c87f.png/show
96,欢迎来到度假区,在沙发或品床上躺下休息，感觉就像自己成为了名流。,"度假风沙发 × 1
度假风桌子 × 1
度假风吊床 × 1
度假风灯 × 1",阿勃梭鲁,https://img.game8.co/4434679/11b87f30fbc3c47b93b51b302d70a2b4.png/show
97,自然风生活,简约却安稳的空间宝可梦们也可以过上舒适的生活。,"自然风床铺 × 1
自然风沙发 × 1
自然桌子 × 1
自然风台灯 × 1",电龙,https://img.game8.co/4434989/e97c69639bd20bfaa3a7be605f840ee2.png/show
98,红色的草丛,红色的草组成的小草丛。在山间很常见。,红色草 × 4,圆法师、音箱蟀、利欧路、炎兔儿、闪焰王牌,https://img.game8.co/4432175/3fc297463d9c0ca692802ccca4458ece.png/show
99,树荫的红色草丛,湿润的红色草散发香味，吸宝可梦们前来。,"大树（任意） × 1
红色草 × 4",地鼠、三地鼠、盆才怪、树才怪,https://img.game8.co/4432180/ab1a0a3d9ac853e10400a0a47bba64ed.png/show
100,三角形树荫的岩石和草丛,望着高高的三角树，在草丛中背靠岩石休息片刻。,"三角树 × 1
红色草 × 4
大石头 × 1",投羽枭、狙射树枭,https://img.game8.co/4432181/8c13c92629c9582c81659e8dcafc9018.png/show
101,湿润的红色草丛,山间常见的红色草，但在水边也能顺利生长。,"红色草 × 4
水 × 2",莲叶童子、莲帽小童,https://img.game8.co/4432195/84001f6ea6528a4211bdc1f5ad987fe3.png/show
102,高岗的红色草丛,在山顶等高处也长满了红色草。,"红色草 × 4
高处 × 1",黑暗鸦、乌鸦头头、聒噪鸟,https://img.game8.co/4432201/49ebde6d56f3dee15e9cc01830c82a03.png/show
103,草丛训练场,装着土的袋子可以代替亚铃。感觉喜欢锻炼的宝可梦会来。,"沙包 × 2
红色草 × 4",豪力、怪力,https://img.game8.co/4432204/18517500589c65a50c649eca7c983f99.png/show
104,优雅的花田,优雅美丽的花田，开满了费岩地的花。,岩地的花 × 4,皮宝宝、皮皮、皮可西、狗仔包、麻花犬,https://img.game8.co/4432208/6a0c60a54ca1ac519450d9744656e5dd.png/show
105,树荫的优雅花田,费岩地的花散发出优雅的香气，轻柔地弥漫在四周。,"三角树 × 1
岩地的花 × 4",黑暗鸦、燃烧虫、火神蛾,https://img.game8.co/4432214/d3d8f4b661c8ac03910731158d5f6743.png/show
106,湿润的优雅花田,即使是在水边，费岩地的花也会傲然绽放。,"岩地的花 × 4
水 × 2",阿柏蛇、阿柏怪、蚊香蛙皇,https://img.game8.co/4434680/95bff17a94f28c2801fc3a061ddbdc2e.png/show
107,花田里的树桩舞台,建在花田中的舞台。站在树桩上沐浴灯光，感觉就像明星一样。,"岩地的花 × 4
树桩（任意） × 1
蘑菇台灯 × 2",宝宝丁、胖丁、蚊香蛙皇,https://img.game8.co/4434681/0fa34fcf6ab07d292712cf36056f3682.png/show
108,种田不容易,日里的蔬菜正在中壮成长：偶尔换换土，补充营养吧。,"菜田（任意） × 4
手推车 × 1",班基拉斯,https://img.game8.co/4434682/6df7cb3235ca60650fc104593f2d742d.png/show
109,浮浮水洼,可以在浮萍上行走，也可以跟着它一起漂浮。,"浮萍 × 4
水 × 2",莲叶童子、乐天河童,https://img.game8.co/4432222/0bbbe3f5d6ebe928f74563705413388a.png/show
110,满是苔藓,潮平平的，长满了苔藓。正适合喜欢潮湿环境的宝可梦。,苔藓 × 4,幼基拉斯、班基拉斯,https://img.game8.co/4431869/3a42144ea107f89445d98d176a880e2e.png/show
111,长满苔藓的岩石,空气湿润，氛围宁静。宝可梦们应该也能度过悠闲时光。,"苔藓 × 4
苔岩 × 1",隆隆石、隆隆岩,https://img.game8.co/4432227/d5ec0f6a3c89a8cb41822ac668696935.png/show
112,绿苔温泉,绿艺环绕的温泉。感受寂零之美，尽享悠闲时光。,"苔藓 × 4
温泉 × 2",煤炭龟,https://img.game8.co/4432231/f90d33a6824c90079ca7d72f46898d86.png/show
113,露天温泉,宝可梦们也会一边泡温泉，一边享受美景。,"出水口 × 1
温泉 × 2",腾蹴小将,https://img.game8.co/4433920/4acf47c3fbc87387f7d1e79117b364c8.png/show
114,养生温泉,泡一下热温泉，再泡一下冷水，就会感觉身体轻区又舒爽。,"出水口 × 1
水盆 × 1
温泉 × 2",蚊香蛙皇,https://img.game8.co/4432235/ecb7992b1a6dfb2a89cd12c6cf1cb252.png/show
115,熔岩熔岩热乎乎,到处都是熔岩，非常热。火居性的宝可梦难以抗拒。,"热热岩 × 1
熔岩 × 2",火神蛾、炭小侍,https://img.game8.co/4432279/50cc36d18575bb0333a57cadd82a3660.png/show
116,挖掘和煅烧,作业工具旁放着巨大的炉子。或许会有谁来生火。,"手推车 × 1
熔炉 × 1
掘山道具 × 1",鸭嘴火兽,https://img.game8.co/4432281/3e559f2cfcf7aff4f396abb9decf1f48.png/show
117,咚隆咣啷钢架工程,钢架工程正在进行。力气大的宝可梦好像会来帮忙。,"钢骨 × 3
手推车 × 1
沙包 × 1
掘山道具 × 1",大钢蛇、怪力,https://img.game8.co/4432288/65444ea5671060095c97b119203aaa63.png/show
118,诡异的白色岩石,高高的岩石周围长满了产藓。在提灯的光线下，显得有些阴森。,"笋岩 × 1
苔藓 × 4
木箱 × 1
提灯 × 1",晶光芽、晶光花,https://img.game8.co/4432292/acf62e2160912f899ae3a51948d20a52.png/show
119,在货物摆放处偷吃,在货物摆放处躲起来偷吃东西。宝可梦们可能也会肖悄凑过来。,"木桶 × 1
木箱 × 1
提灯 × 1
装盘的食物 × 1",地鼠、晶光芽、晶光花,https://img.game8.co/4432298/ec9fb898c720cd9430f9ea6d3c9c7495.png/show
120,充满期待的餐桌,今天的主菜是什公？敬请期待盖子打开的时刻吧。,"椅子（长） × 2
桌子（大） × 1
派对餐盘 × 4",吞食兽,https://img.game8.co/4434683/ba27e41685c84b2b56117a4b92772e3a.png/show
121,大口面包工坊,一边等面包出炉，一边准音配菜吧。,"面包窑 × 1
柜台面 × 2
装盘的食物 × 1",狗仔包、麻花犬,https://img.game8.co/4432304/c5a702505f579d630fde5ba5e4867a80.png/show
122,迷你厨房,洗好食材和碗碟，开火做料理。今天做什公好?,"厨房桌子 × 1
炉灶 × 1
平底锅（任意） × 1
水槽 × 1",鸭嘴炎兽,https://img.game8.co/4434684/4e9fb60cf64845a1fed9c7a9ad07eccb.png/show
123,大家一起开派对,食物和饮料都是自助式的。和大家一起尽情享受吧。,"供餐柜台 × 1
派对杯 × 1
装盘的食物 × 1",三地鼠、树才怪,https://img.game8.co/4434685/c6485a859f05019016969e6f9793c53b.png/show
124,悠闲地重温照片,一手端着饮料，在平板电脑上悠闲地翻看照片吧。,"平板电脑 × 1
派对杯 × 1",电音婴,https://img.game8.co/4434479/c5dbef16fcfd64e2255d319365f9e7cc.png/show
125,鸣唱会,说不定会有鸟宝可梦来到麦克风前展现动听的歌喉。,"木制栖杠 × 1
立式麦克风 × 1",乌鸦头头、聒噪鸟,https://img.game8.co/4432314/536948904e9a1fbaf211738ee91c35e4.png/show
126,独唱舞台,登上专属的舞台，来唱歌吧！,"音箱 × 2
舞台 × 1
立式麦克风 × 1",胖丁、胖可丁,https://img.game8.co/4437274/ecd6317535249d6c981917186d845303.png/show
127,跟着节奏一二三,宝可梦们也会随着节拍兴致勃勃地锻。,"沙袋 × 1
桌子（任意） × 1
CD播放器 × 1",豪力、利欧路、路卡利欧,https://img.game8.co/4432318/f17fff606dd12c53f478d2046c483987.png/show
128,音乐与阅读,边放音乐边看书，感觉能比平时更加放松。,"CD播放器 × 1
CD架 × 1
杂志柜 × 1",圆法师、音箱蟀、洛托姆立体音响洛托姆,https://img.game8.co/4437275/384a8659ef902a8509353ec6364704be.png/show
129,小小博物馆,只要放在展示台上，任何东西看起来都像珍宝。,"分隔物（任意） × 3
台座／展示台 × 1
遗失物（大） × 1",风速狗、索财灵,https://img.game8.co/4432445/89c248b88c5c1610181772808f1ef80f.png/show
130,清爽的储物间,只要放上观叶植物，朴素的储物间也会变成清爽的氛围。,"办公室储物柜 × 2
植栽（任意） × 1
椅子（长） × 1
拳击机 × 1",腾蹴小将、闪焰王牌,https://img.game8.co/4432451/f5dd90e58be6b535d989112d8da2e59b.png/show
131,铜像观光景点,感觉很适合拍照的铜像。3只宝可梦的可爱模样让大家着迷。,"花篱（任意） × 4
月夜起舞像 × 1
牌子 × 1",皮皮、皮可西,https://img.game8.co/4432453/c43377c70401fcb6924ae53750bde22f.png/show
132,平交道,栏杆放下期间禁止通行。宝可梦们也会停下来吗…。,"铁轨 × 1
道闸 × 1",小炭仔、大炭车、巨炭山,https://img.game8.co/4432470/988cdc518fbe0be8d2366088df0045c2.png/show
133,厨师的厨房,炉灶、水槽和厨具，厨师应该会喜欢这里的一切。,"炉灶 × 1
水槽 × 1
自然桌子 × 1
时髦锅 × 1
砧板 × 1
装盘的食物 × 1",藏饱栗鼠厨师,
134,极致豪华,援放的每件家具都是顶级精品，是个无比豪华的空间。,"豪华立灯 × 1
豪华床铺 × 1
豪华沙发 × 1
豪华桌子 × 1",赛富豪,https://img.game8.co/4434688/222299886eb855aabbace5f998b6c32a.png/show
135,沉沉铁色,沉稳的单色空间。点灯后，气氛显得更加宁静。,"铁床铺 × 1
铁桌子 × 1
铁椅子 × 1
提灯 × 1",巨炭山,https://img.game8.co/4437276/c272c50423100292ea95b10d3b20bcdd.png/show
136,摩登生活,简约又时尚。摩登设计充满时髦的感觉。,"工业风床铺 × 1
工业风桌子 × 1
工业风椅子 × 1",狙射树枭,https://img.game8.co/4437277/76ce2a6ae220a0619dbdec49a0754f58.png/show
137,粉红色草丛,粉红色的草组成的小草丛。在空岛很常见。,粉红色草 × 4,大颚蚁、超音波幼虫、沙漠蜻蜓、青绵鸟、夜巡灵,https://img.game8.co/4433926/46a9086d1e5cdd365af33246358e00a0.png/show
138,树荫的粉红色草丛,生长在树荫下的粉红色草。稍微有点潮湿。,"大树（任意） × 1
粉红色草 × 4",沙基拉斯、多龙梅西亚、多龙奇、新叶喵,https://img.game8.co/4433932/96738ba06f2de90cb60406f57a56ea22.png/show
139,湿润的粉红色草丛,粉红色的草与水面相互映社，显得十分美丽。,"粉红色草 × 4
水 × 2",呱呱泡蛙、呱头蛙、甲贺忍蛙,https://img.game8.co/4433938/1a68398ac71e664e0464c44ce4ab7716.png/show
140,高岗的粉红色草丛,生长在云端之上的粉红色草丛。即使狂风吹袭，依旧密壮成长。,"粉红色草 × 4
高处 × 1",蓝鸦、钢铠鸦、电海燕、大电海燕,https://img.game8.co/4433946/605ea7c55ebcac57496bddab76d327a5.png/show
141,水泥管秘密基地,很久没有使用的水泥管：里面是空的，正适合当秘密基地。,"水泥管 × 3
草（任意） × 4",火球鼠、火岩鼠,https://img.game8.co/4433950/56ea908bc11fff24edc3feb683254fc4.png/show
142,茸茸花田,可爱的花田，开满了毛营营的台空岛的花。,空岛的花 × 4,六尾、九尾、梦妖、梦妖魔、稚山雀,https://img.game8.co/4433959/24ab7f18ea297818c3968fd52a82bcd9.png/show
143,树荫的茸茸花田,在凉爽的树荫下，台空岛的花也轻盈可爱地统放着。,"大树（任意） × 1
空岛的花 × 4",麒麟奇、奇麒麟、青藤蛇、君主蛇,https://img.game8.co/4433965/29550e8cd0a0c2186978b9e958ad5bdd.png/show
144,湿润的茸茸花田,即使在水中，台空岛的花也散发着柔和的香气。,"空岛的花 × 4
水 × 2",蚊香君、迷你龙、哈克龙,https://img.game8.co/4433967/63dce028739f10506f3466b90b7a609a.png/show
145,水边小船,宁静的时光在水边流消。搭乘独木舟，悠闲地度过吧。,"独木舟 × 1
浮萍 × 2
水 × 2
高处 × 1",快龙,https://img.game8.co/4433976/d601d5b8fc71ea94c98c9a7ddef3ec58.png/show
146,光照的瀑布,点上火，照亮通往瀑布的道路吧。宝可梦们说不定也会来观赏瀑布。,"踏脚石 × 3
火炬 × 2
水 × 3
瀑布 × 1",暴鲤龙,https://img.game8.co/4437278/1ab4cddfbf0fd22499b652220ad4ef38.png/show
147,鸟语花香,舒适的巢箱和整齐的花篱。仿佛能听到从哪里传来了鸟鸣。,"精致花篱 × 1
木巢箱 × 1",七夕青鸟,https://img.game8.co/4433980/7ac89813bd7451d965e5878912d8fde4.png/show
148,简约浴室,普通的浴室。宝可梦们说不定也会来这里洗澡。,"花洒 × 1
浴缸 × 1",迷你龙、哈克龙,https://img.game8.co/4434689/cc8eb3352d514a38e4d8fd2614dca487.png/show
149,骑行小憩,把自行车停好，稍作休息。偶尔也会有宝可梦躲在自动售货机后面。,"自行车 × 1
自动售货机 × 1",铁哑铃,https://img.game8.co/4437279/b4461521564fd831f081e0aba487e074.png/show
150,在暖炉旁打瞌睡,待在暖炉前，冻僵了的身体也会逐渐暖和起来。,"石头壁炉 × 1
椅子（长） × 1",火岩鼠、火暴兽,https://img.game8.co/4433981/24faab0a38e0156d039d6e23cd743f23.png/show
151,精神力量满溢,在水晶前念念有词，就可以驾驭无形的力量……也许吧。,"简约靠枕 × 1
水晶球 × 1",凯西、胡地,https://img.game8.co/4434491/4bcae26f3153491d74b329c5b54d0cc6.png/show
152,水晶占卜,用精神之力窥视水晶，或许能看见未来哦?,"椅子（任意） × 2
桌子（任意） × 1
水晶球 × 1",凯西、勇基拉,
153,垃圾场的电视,一台被丢在垃圾场的电视。好像还能开机。,"垃圾袋 × 2
电视 × 1",彷徨夜灵、黑夜魔灵,https://img.game8.co/4433982/cf99bf2869b873bdb9327e20e0de0d66.png/show
154,大型垃圾堆放处,可以法弃大件物品的垃圾场。把不需要的家电放在这里吧。,"钢骨 × 3
轮胎 × 1
垃圾桶（任意） × 1
微波炉 × 1",小锻匠、巨锻匠头头,https://img.game8.co/4437281/28bfbd2809610ff4b3c8027249d47f14.png/show
155,和搭档一起调查,正在和风速狗一起进行调查。周围弥漫着紧张的气氛。,"风速狗玩偶 × 1
铁管椅子 × 2
工业风桌子 × 1
桌灯 × 1",新叶喵、蒂蕾喵,https://img.game8.co/4442190/fed3c1fbb0d3e20d485b393702085c57.png/show
156,井盖检修中,井盖正在维修检查闲杂人等请勿靠近。,"铁管堆 × 1
井盖 × 1
掘山道具 × 1
可连结式三角锥 × 1",蚊香泳士、钢铠鸦、巧锻匠,https://img.game8.co/4434695/4d8a761240a364097cda63f8b04bdacb.png/show
157,亮晶晶洗手台,洗脸后用毛巾擦干，顿时神清气爽。别志了照照镜子，检查一下仪容吧。,"壁挂毛巾 × 1
壁挂镜 × 1
洗手台 × 1",魔尼尼、魔墙人偶,https://img.game8.co/4433984/81971cdb6859163b87bd6c14e7a54cb6.png/show
158,家庭影院,放上大大的音响和电视，感觉就像是电影院。,"音箱 × 2
矮柜（任意） × 1
电视 × 1",梦妖魔,https://img.game8.co/4437282/5974a6fce54ef762a457b4f51f4d00be.png/show
159,学习区,光是拿起铅笔坐在桌前，就感觉自己好像变聪明了些。,"书架 × 1
椅子（任意） × 1
桌子（任意） × 1
笔筒 × 1",拉鲁拉丝、奇鲁莉安,https://img.game8.co/4433987/80c6654b5a3fb07328711fd22ab710fd.png/show
160,节奏感客厅,在大电视上玩节奏游戏。跟着节拍在热子上移动吧。,"音箱 × 2
音符垫子（任意） × 4
电视 × 1",嗡蝠、音波龙,https://img.game8.co/4436292/78c09da6ce0cf858f7131aff0143f86d.png/show
161,擦得锃亮,在咩利羊海绵上挤满清洁剂，把浴缸擦得亮晶晶吧。,"浴缸 × 1
清洁套组 × 1",蚊香蝌蚪,https://img.game8.co/4437284/c36d22a8e99ffe398fa5cbd379ebf4e5.png/show
162,保湿化妆台,让肌肤滋润水润，妆容似乎就会比平时更完美。,"梳妆台（任意） × 1
椅子（任意） × 1
加湿器 × 1",奇鲁莉安、沙奈朵,https://img.game8.co/4437285/45b4626083338054a446b2016bc7d821.png/show
163,小小图书馆,只要把灯点亮，即便在夜晚也能仔细寻找书本。,"书架 × 2
脚踏凳 × 1
桌子（任意） × 1
照明（任意) × 1",沙奈朵,https://img.game8.co/4434696/6b32cc1450370af0718e111606b41ef9.png/show
164,在游戏城对战,并排坐好后，对战游戏就开始了。宝可梦们说不定也会来玩。,"街机 × 2
椅子（任意） × 2",多边兽乙型,https://img.game8.co/4434697/9f5e195d58eb08470a299bff89d45316.png/show
165,游乐场,大大的滑梯和各种玩具，不知道该玩哪个才好。,"滑梯 × 1
玩具（任意） × 1",藤藤蛇,https://img.game8.co/4433988/fef9a0da87494ad38e61db7e31bb6e21.png/show
166,办公区,坐在办公椅上，劈里啪啦地打字。累了就喝杯饮料休息一下吧。,"办公桌 × 1
笔记本电脑 × 1
马克杯 × 1
办公室椅子 × 1",多边兽２型,https://img.game8.co/4433266/71140bf112167861b3cfdf34390a4296.png/show
167,办公室的储藏室,摆放日资料和闲置物品的地方。偶尔会有宝可梦不小心跑进来。,"办公室架子 × 1
脚踏凳 × 1
纸箱 × 1",梦妖、梦妖魔、多龙奇、多龙巴鲁托,https://img.game8.co/4433990/efc4299e4d8fb76fe1e4ba77e19c9b60.png/show
168,实验空间,可以进行大量实验的空间。或许还保留着谁的研究记录。,"实验套组 × 1
显微镜 × 1
论文 × 1",胡地,https://img.game8.co/4434698/4f19cb0bbff96605923527840465ddb9.png/show
169,为成为博士进行研究,只要不断研究，说不定能变得像巨蔓藤博士那样博学多识。,"白板 × 1
桌子（任意） × 1
乱缠电线 × 1
笔记本电脑 × 1",金属怪,
170,研究员的桌子,研究的主题是宝可梦与科学。数据已经录入电脑中。,"桌子（任意） × 2
台式电脑 × 1
实验套组 × 1",多边兽,
171,请自由取阅,谁都可以自由翻阅摆放在这里的报纸和杂态。,"杂柜 × 1
报纸 × 1",魔尼尼、君主蛇,https://img.game8.co/4435015/fce555ded6cf7af254a249aca3c58816.png/show
172,咚咚锵惊吓箱,聚光灯伴随着太鼓的节奏，打开惊吓箱的紧张感也达到了顶峰。,"聚光灯 × 2
大鼓 × 1
惊吓箱 × 1",魔幻假面喵,https://img.game8.co/4433997/ab1fdad2820ab6282844dd86111a387a.png/show
173,恶作剧开关,惊虾箱旁显眼的开关。是否要按，中你决定。,"贴地开关 × 1
惊吓箱 × 1",呱头蛙、甲贺忍蛙,https://img.game8.co/4434499/c84e4edac523984da32e2715636f7097.png/show
174,绝景露脸立牌,作为登上高处的纪念，把验对准板子的洞口拍张照吧。,"露脸立牌 × 1
聚光灯 × 2
高处 × 1",正电拍拍、负电拍拍,https://img.game8.co/4434699/ad127d4bfe2858e225c435f31f88ae11.png/show
175,轮胎公园,比起巨大的滑梯，不知为何轮胎更加抢眼。用各种轮胎来玩要吧。,"滑梯 × 1
轮胎 × 1
跳轮胎 × 2",咚咚鼠,https://img.game8.co/4434500/216a6a5e453acd2e3cbb989e62b251af.png/show
176,大自然中的集市,给收银台通上电，即使在大自然中也可以和大家进行交易。,"大树（任意） × 1
大石头 × 1
桌子（任意） × 2
收银机 × 1",雷丘,
177,工地的发电厂,施工现场同样需要大量电力。把多余的木材用作燃料吧。,"火力发电机 × 1
脚手架 × 2
铁管堆 × 1",修建老匠,https://img.game8.co/4434001/bbd92e860b2eca93a273d0cd75130323.png/show
178,在道场训练,要是领悟了武道精神，说不定连沉重的岩石都能搬动。,"挂轴 × 2
怪力岩 × 2",蚊香泳士、艾路雷朵,https://img.game8.co/4434512/a8ae651eac46535802e30360322a88e4.png/show
179,邪恶组织的基地,坐在软软的椅子上，背后是组织的标志，感觉就像自己成了老大。,"植栽（任意） × 2
火箭队挂饰 × 1
豪华沙发 × 1",猫老大,https://img.game8.co/4434002/dfa59a7bafdf1f14a766f3932e4d4476.png/show
180,九团火焰,9个等火轻轻摇曳，四周弥漫着神秘的气息、。,篝火 × 9,九尾,https://img.game8.co/4436398/59efb561c8f45591b3e643831655eae1.png/show
181,布偶堆,虽然摆放的全是布偶，但或许会有宝可梦误以为是真的。,"风速狗玩偶 × 1
皮卡丘玩偶 × 1
快龙玩偶 × 1
伊布玩偶 × 1",飘飘球、随风球,https://img.game8.co/4433253/ac430a50516e5e0bf34e84606f6dcefb.png/show
182,绝佳的游戏环境,非常适合玩游戏的舒适空间。坐在椅子上，沉浸在游戏世界中吧。,"电竞床 × 1
桌子（任意） × 1
电竞电脑 × 1
电竞冰箱 × 1
电竞椅 × 1",巨金怪,
183,极致新潮,被新潮又多彩的家具包围，感觉心情都会变得雀跃起来。,"新潮床铺 × 1
新潮沙发 × 1
新潮桌子 × 1",火暴兽,https://img.game8.co/4437286/34e59ab39431c42ae2a7a3c7a8d71439.png/show
184,垂钓场,垂下的线耐心等待，水属性的宝可梦说不定会过来。,"钓竿 × 1
椅子（任意） × 1
水 × 1",呆壳兽、呆呆王,https://img.game8.co/4433214/55f233d516ae0a2a7c590470fbcf7b12.png/show
185,海钓场,在大海也来享受重约的乐趣吧。说不定会有与河川或湖油不一样的宝可梦过来。,"钓竿 × 1
椅子（任意） × 1
海水 × 1",鲤鱼王、海兔兽西海、海兔兽东海,https://img.game8.co/4431885/f48c0068f7fecb980fbcc53b18f6efea.png/show
186,沼钓场,沼泽地里也住着宝可梦在泥水附近垂下钓线吧。,"钓竿 × 1
椅子（任意） × 1
泥水 × 1",臭泥、臭臭泥、土王,https://img.game8.co/4434701/5fac6084cf3ec96973d6e1d96e65e8f4.png/show
187,温泉钓场,正在泡温泉的宝可梦说不定会被钓饵吸引过来。,"钓竿 × 1
椅子（任意） × 1
温泉 × 1",莲叶童子、莲帽小童,https://img.game8.co/4434702/30bd7dd7d96dcdaa21c80916b32882bc.png/show
188,熔岩钓场,往熔岩中重下钓线，说不定也可以钓到宝可梦……。,"钓竿 × 1
椅子（任意） × 1
熔岩 × 1",风速狗,https://img.game8.co/4433735/c201522832c83bfc3b844766936219d6.png/show
189,高调的摇滚舞台,弹起劲爆的吉他，高调激昂的表演就要开始。,"音箱 × 2
舞台 × 1
酷炫电吉他 × 1
立式麦克风 × 1",颤弦蝾螈低调的样子,https://img.game8.co/4437287/17a30a9ffe0d1162a0d36b6d0e4756ca.png/show
190,低调的摇滚舞台,弹起低沉的贝斯，低调沉稳的表演就要开始。,"音箱 × 2
舞台 × 1
酷炫电贝斯 × 1
立式麦克风 × 1",颤弦蝾螈高调的样子,https://img.game8.co/4434703/7671d00e128614b98561695c7cebcbdc.png/show
191,怨念骑士的祭坛,有些阴音的空间，仿佛会用来进行诡异的仪式。,"台座／展示台 × 1
咒术之铠 × 1
踏脚石 × 2
篝火 × 2",苍炎刃鬼,
192,忠诚骑士的祭坛,有些神秘的空间，仿佛会用来进行诡异的仪式。,"台座／展示台 × 1
庆祝之铠 × 1
踏脚石 × 2
篝火 × 2",红莲铠骑,
193,飞翼化石展示台,展示着古代宝可梦的化石。是天空王者气派的骨架。,"台座／展示台 × 1
飞翼化石（头） × 1
飞翼化石（右翼） × 1
飞翼化石（左翼） × 1
飞翼化石（身体） × 1
飞翼化石（尾巴） × 1",化石翼龙,https://img.game8.co/4434516/d3adaba3eb8256e9819ef67163b62184.png/show
194,头盖化石展示台,展示着古代宝可梦的化石。是犹如铁一般坚硬的头盖骨。,"台座／展示台 × 1
头盖化石 × 1",头盖龙,https://img.game8.co/4434705/7ea48bfeec1b68ea14ba2a71ad48fa0b.png/show
195,头锤化石展示台,展示着古代宝可梦的化石。是比钢铁还要坚硬的头盖骨。,"台座／展示台 × 1
头锤化石（头） × 1
头锤化石（身体） × 1
头锤化石（尾巴） × 1",战槌龙,https://img.game8.co/4434706/823eca2a31f7bd325d2eac26a88fc1c1.png/show
196,盾甲化石展示台,展示着古代宝可梦的化石。是犹如盾牌般坚固的领饰。,"台座／展示台 × 1
盾甲化石 × 1",盾甲龙,https://img.game8.co/4434707/07455b50e63e85fd23378e1675656d3c.png/show
197,护盾化石展示台,展示着古代宝可梦的化石。是犹如防护墙般坚固的领饰。,"台座／展示台 × 2
护盾化石（头） × 1
护盾化石（身体） × 1
护盾化石（尾巴） × 1",护城龙,https://img.game8.co/4434589/c0742ea93a3764f7bb8d9945c3390bb2.png/show
198,颚之化石展示台,展示着古代宝可梦的化石。是能咬碎任何东西的下颚的一部分。,"台座／展示台 × 1
颚之化石 × 1",宝宝暴龙,https://img.game8.co/4434708/9aeb11f21054fae0e84cee2b9396475a.png/show
199,暴君化石展示台,展示着古代宝可梦的化石。是大地王者气派的骨架。,"台座／展示台 × 2
暴君化石（头） × 1
暴君化石（身体） × 1
暴君化石（脚） × 1
暴君化石（尾巴） × 1",怪颚龙,https://img.game8.co/4432472/b931334744b097f13d2de3dd8b1bf4c3.png/show
200,鳍之化石展示台,展示着古代宝可梦的化石。是被冰封的颈鳍的一部分。,"台座／展示台 × 1
鳍之化石 × 1",冰雪龙,https://img.game8.co/4434709/63bf819c096741c2b3a2c0a08054f93d.png/show
201,冻原化石展示台,展示着古代宝可梦的化石。是犹如极光般美丽的颈鳍。,"台座／展示台 × 1
冻原化石（头） × 1
冻原化石（身体） × 1
冻原化石（尾巴） × 1",冰雪巨龙,https://img.game8.co/4434710/a0075a6a8647ede3e9d7217a866ed8ae.png/show
202,劲爽清蓝,透明的蓝色冰淇淋汽水。看着它就像在看海中的景色。,"椅子（任意） × 1
桌子（任意） × 1
冰淇淋汽水 × 1",水伊布,https://img.game8.co/4431886/f3e9ffd8d541f4d77db164677fa20fb6.png/show
203,麻麻薯饼,炸得酥酥脆脆的星形薯饼。好吃到军身发麻。,"椅子（任意） × 1
桌子（任意） × 1
炸薯饼 × 1",雷伊布,https://img.game8.co/4431890/ce1aa4f04497b3053b50f311bb216df9.png/show
204,辣到喷火,涂满辣酱的圆形比萨。辣得感觉能喷火。,"椅子（任意） × 1
桌子（任意） × 1
比萨 × 1",火伊布,https://img.game8.co/4431891/dbe8fdcb94b46151e70c4fab28c53cad.png/show
205,优雅的午后,午后时分的下午茶坐在椅子上品尝，享受优雅的氛围。,"椅子（任意） × 1
桌子（任意） × 1
下午茶套组 × 1",太阳伊布,https://img.game8.co/4431893/e4fd6945a3e04d014e204da819407812.png/show
206,黑色滋味,由黑巧克力制成的饼一不太甜，但感觉有种温柔的味道。,"椅子（任意） × 1
桌子（任意） × 1
巧克力饼干 × 1",月亮伊布,https://img.game8.co/4431895/152c22cfdca56d905d26b26486d5c10f.png/show
207,绿色三明治,吃了全是蔬菜的三明治，好像身体就会焕发出活力。,"椅子（任意） × 1
桌子（任意） × 1
三明治 × 1",叶伊布,https://img.game8.co/4431896/b52d6689c624c2f542b05892595f34df.png/show
208,冰凉刨冰,搭配了冰块的创冰。吃下去会军身冰凉，快要冻僵。,"椅子（任意） × 1
桌子（任意） × 1
刨冰 × 1",冰伊布,https://img.game8.co/4431898/d7510df1c38b83d737bade097b4b1206.png/show
209,可爱的蛋糕,大大的蝴蝶结配上心形装饰非常可爱，味道甜美至极。,"椅子（任意） × 1
桌子（任意） × 1
缎带蛋糕 × 1",仙子伊布,https://img.game8.co/4431899/974a542495bb112ad39bc6f6ae59bcf0.png/show
